{
    "numerical": {
        "bill_length_mm": {
            "count": 342.0,
            "mean": 43.9219298245614,
            "std": 5.4595837139265315,
            "min": 32.1,
            "25%": 39.225,
            "50%": 44.45,
            "75%": 48.5,
            "max": 59.6,
            "iqr": 9.274999999999999
        },
        "bill_depth_mm": {
            "count": 342.0,
            "mean": 17.151169590643278,
            "std": 1.9747931568167816,
            "min": 13.1,
            "25%": 15.6,
            "50%": 17.3,
            "75%": 18.7,
            "max": 21.5,
            "iqr": 3.0999999999999996
        },
        "flipper_length_mm": {
            "count": 342.0,
            "mean": 200.91520467836258,
            "std": 14.061713679356888,
            "min": 172.0,
            "25%": 190.0,
            "50%": 197.0,
            "75%": 213.0,
            "max": 231.0,
            "iqr": 23.0
        },
        "body_mass_g": {
            "count": 342.0,
            "mean": 4201.754385964912,
            "std": 801.9545356980956,
            "min": 2700.0,
            "25%": 3550.0,
            "50%": 4050.0,
            "75%": 4750.0,
            "max": 6300.0,
            "iqr": 1200.0
        }
    },
    "categorical": {
        "species": {
            "counts": {
                "Adelie": 152,
                "Gentoo": 124,
                "Chinstrap": 68
            },
            "percentages": {
                "Adelie": 44.18604651162791,
                "Gentoo": 36.04651162790697,
                "Chinstrap": 19.767441860465116
            }
        },
        "island": {
            "counts": {
                "Biscoe": 168,
                "Dream": 124,
                "Torgersen": 52
            },
            "percentages": {
                "Biscoe": 48.837209302325576,
                "Dream": 36.04651162790697,
                "Torgersen": 15.11627906976744
            }
        },
        "sex": {
            "counts": {
                "Male": 168,
                "Female": 165
            },
            "percentages": {
                "Male": 50.45045045045045,
                "Female": 49.549549549549546
            }
        }
    },
    "correlations": {
        "pearson": {
            "bill_length_mm": {
                "bill_length_mm": 1.0,
                "bill_depth_mm": -0.23505287035553338,
                "flipper_length_mm": 0.6561813407464291,
                "body_mass_g": 0.5951098244376295
            },
            "bill_depth_mm": {
                "bill_length_mm": -0.23505287035553338,
                "bill_depth_mm": 1.0,
                "flipper_length_mm": -0.5838512164654133,
                "body_mass_g": -0.47191562118606556
            },
            "flipper_length_mm": {
                "bill_length_mm": 0.6561813407464291,
                "bill_depth_mm": -0.5838512164654133,
                "flipper_length_mm": 1.0,
                "body_mass_g": 0.871201767306011
            },
            "body_mass_g": {
                "bill_length_mm": 0.5951098244376295,
                "bill_depth_mm": -0.47191562118606556,
                "flipper_length_mm": 0.871201767306011,
                "body_mass_g": 1.0
            }
        },
        "spearman": {
            "bill_length_mm": {
                "bill_length_mm": 1.0,
                "bill_depth_mm": -0.22174915179457866,
                "flipper_length_mm": 0.6727719416255545,
                "body_mass_g": 0.5838003194455482
            },
            "bill_depth_mm": {
                "bill_length_mm": -0.22174915179457866,
                "bill_depth_mm": 1.0,
                "flipper_length_mm": -0.5232674711610737,
                "body_mass_g": -0.4323722214130437
            },
            "flipper_length_mm": {
                "bill_length_mm": 0.6727719416255545,
                "bill_depth_mm": -0.5232674711610737,
                "flipper_length_mm": 1.0,
                "body_mass_g": 0.8399741230312999
            },
            "body_mass_g": {
                "bill_length_mm": 0.5838003194455482,
                "bill_depth_mm": -0.4323722214130437,
                "flipper_length_mm": 0.8399741230312999,
                "body_mass_g": 1.0
            }
        }
    }
}